{"index":{"0":60},"field_id":{"0":1.0},"candidate_position":{"0":[0.2090725806,0.307922485]},"neighbour_id":{"0":[48.0,33.0,2.0,117.0,75.0,126.0,12.0,7.0,0.0,20.0]},"neighbour_relative_position":{"0":[[-0.0372983871,0.1670060398],[-0.0239919355,0.1339481885],[-0.0227822581,0.2433810754],[-0.0739919355,0.1860997987],[-0.0735887097,0.2163078352],[-0.0927419355,0.1681459657],[-0.0800403226,0.2433810754],[-0.0665322581,0.271879223],[-0.0913306452,0.1011753188],[-0.0931451613,0.3000923892]]},"mask":{"0":[false,false,false,false,false,false,false,false,false,false]},"correct_candidate":{"0":false},"left":{"0":451},"top":{"0":1064},"width":{"0":135},"height":{"0":33}}